,var_name,var_descr,file_name,file_descr,start_year,end_year,component,constraint
0,SEQN,Respondent sequence number.,UCFLOW_J,Urine Flow Rate ,2017,2018,Laboratory,None
1,URDFLOW1,Urine #1 Flow Rate (mL/min),UCFLOW_J,Urine Flow Rate ,2017,2018,Laboratory,None
2,URDFLOW2,Urine #2 Flow Rate (mL/min),UCFLOW_J,Urine Flow Rate ,2017,2018,Laboratory,None
3,URDFLOW3,Urine #3 Flow Rate (mL/min),UCFLOW_J,Urine Flow Rate ,2017,2018,Laboratory,None
4,URDTIME1,The time between last urination and the first urine sample collection in minutes,UCFLOW_J,Urine Flow Rate ,2017,2018,Laboratory,None
5,URDTIME2,The time between the first and second urine sample collections in minutes,UCFLOW_J,Urine Flow Rate ,2017,2018,Laboratory,None
6,URDTIME3,The time between the second and third urine sample collections in minutes,UCFLOW_J,Urine Flow Rate ,2017,2018,Laboratory,None
7,URXVOL1,The volume of urine collection #1 (mL),UCFLOW_J,Urine Flow Rate ,2017,2018,Laboratory,None
8,URXVOL2,The volume of urine collection #2 (mL),UCFLOW_J,Urine Flow Rate ,2017,2018,Laboratory,None
9,URXVOL3,The volume of urine collection #3 (mL),UCFLOW_J,Urine Flow Rate ,2017,2018,Laboratory,None
10,PHAALCHR,"The time (in hours) the examinee last drank alcohol such as beer, wine, or liquor.",FASTQX_J,Fasting Questionnaire,2017,2018,Laboratory,None
11,PHAALCMN,"The time (in minutes) the examinee last drank alcohol such as beer, wine, or liquor.",FASTQX_J,Fasting Questionnaire,2017,2018,Laboratory,None
12,PHAANTHR,"The time (in hours) the examinee last had antacids, laxatives or anti-diarrheals.",FASTQX_J,Fasting Questionnaire,2017,2018,Laboratory,None
13,PHAANTMN,"The time (in minutes) the examinee last had antacids, laxatives or anti-diarrheals.",FASTQX_J,Fasting Questionnaire,2017,2018,Laboratory,None
14,PHACOFHR,The time (in hours) since the examinee last drank coffee or tea with cream or sugar.,FASTQX_J,Fasting Questionnaire,2017,2018,Laboratory,None
15,PHACOFMN,The time (in minutes) since the examinee last drank coffee or tea with cream or sugar.,FASTQX_J,Fasting Questionnaire,2017,2018,Laboratory,None
16,PHAFSTHR,The time (in hours) between when the examinee last ate or drank anything other than water and the time of the venipuncture.,FASTQX_J,Fasting Questionnaire,2017,2018,Laboratory,None
17,PHAFSTMN,The time (in minutes) between when the examinee last ate or drank anything other than water and the time of the venipuncture.,FASTQX_J,Fasting Questionnaire,2017,2018,Laboratory,None
18,PHAGUMHR,"The time (in hours) the examinee last had gum, breath mints, lozenges or cough drops, or other cough or cold remedies.",FASTQX_J,Fasting Questionnaire,2017,2018,Laboratory,None
19,PHAGUMMN,"The time (in minutes) the examinee last had gum, breath mints, lozenges or cough drops, or other cough or cold remedies.",FASTQX_J,Fasting Questionnaire,2017,2018,Laboratory,None
20,PHASUPHR,The time (in hours) the examinee last had dietary supplements such as vitamins and minerals.,FASTQX_J,Fasting Questionnaire,2017,2018,Laboratory,None
21,PHASUPMN,The time (in minutes) the examinee last had dietary supplements such as vitamins and minerals.,FASTQX_J,Fasting Questionnaire,2017,2018,Laboratory,None
22,PHDSESN,Session in which SP was examined,FASTQX_J,Fasting Questionnaire,2017,2018,Laboratory,None
23,PHQ020,Coffee or tea with cream or sugar?  [Include milk or non-dairy creamers.],FASTQX_J,Fasting Questionnaire,2017,2018,Laboratory,None
24,PHQ030,"Alcohol, such as beer, wine, or liquor?",FASTQX_J,Fasting Questionnaire,2017,2018,Laboratory,None
25,PHQ040,"Gum, breath mints, lozenges or cough drops, or other cough or cold remedies?",FASTQX_J,Fasting Questionnaire,2017,2018,Laboratory,None
26,PHQ050,"Antacids, laxatives, or anti-diarrheals?",FASTQX_J,Fasting Questionnaire,2017,2018,Laboratory,None
27,PHQ060,Dietary supplements such as vitamins and minerals? [Include multivitamins and single nutrient supplements.],FASTQX_J,Fasting Questionnaire,2017,2018,Laboratory,None
28,SEQN,Respondent sequence number.,FASTQX_J,Fasting Questionnaire,2017,2018,Laboratory,None
29,LBXGH,Glycohemoglobin (%),GHB_J,Glycohemoglobin,2017,2018,Laboratory,None
30,SEQN,Respondent sequence number.,GHB_J,Glycohemoglobin,2017,2018,Laboratory,None
31,SEQN,Respondent sequence number.,ALB_CR_J,Albumin & Creatinine - Urine ,2017,2018,Laboratory,None
32,URDACT,Albumin creatinine ratio (mg/g),ALB_CR_J,Albumin & Creatinine - Urine ,2017,2018,Laboratory,None
33,URDUCRLC,"Creatinine, urine comment code",ALB_CR_J,Albumin & Creatinine - Urine ,2017,2018,Laboratory,None
34,URDUMALC,"Albumin, urine comment code",ALB_CR_J,Albumin & Creatinine - Urine ,2017,2018,Laboratory,None
35,URXCRS,"Creatinine, urine (umol/L)",ALB_CR_J,Albumin & Creatinine - Urine ,2017,2018,Laboratory,None
36,URXUCR,"Creatinine, urine (mg/dL)",ALB_CR_J,Albumin & Creatinine - Urine ,2017,2018,Laboratory,None
37,URXUMA,"Albumin, urine (ug/mL)",ALB_CR_J,Albumin & Creatinine - Urine ,2017,2018,Laboratory,None
38,URXUMS,"Albumin, urine (mg/L)",ALB_CR_J,Albumin & Creatinine - Urine ,2017,2018,Laboratory,None
39,SEQN,Respondent sequence number.,UCPREG_J,Urine Pregnancy Test,2017,2018,Laboratory,None
40,URXPREG,Urine Pregnancy Result,UCPREG_J,Urine Pregnancy Test,2017,2018,Laboratory,None
41,LBXHIV1,HIV-1 antibody,HIV_J,HIV Antibody Test ,2017,2018,Laboratory,None
42,LBXHIV2,HIV-2 antibody,HIV_J,HIV Antibody Test ,2017,2018,Laboratory,None
43,LBXHIVC,"HIV-1, 2 Combo Test",HIV_J,HIV Antibody Test ,2017,2018,Laboratory,None
44,LBXHNAT,HIV Confirmatory Test,HIV_J,HIV Antibody Test ,2017,2018,Laboratory,None
45,SEQN,Respondent sequence number,HIV_J,HIV Antibody Test ,2017,2018,Laboratory,None
46,LBXHA,Hepatitis A antibody,HEPA_J,Hepatitis A,2017,2018,Laboratory,None
47,SEQN,Respondent sequence number,HEPA_J,Hepatitis A,2017,2018,Laboratory,None
48,LBXHBS,Hepatitis B Surface Antibody,HEPB_S_J,Hepatitis B: Surface Antibody,2017,2018,Laboratory,None
49,SEQN,Respondent sequence number,HEPB_S_J,Hepatitis B: Surface Antibody,2017,2018,Laboratory,None
50,LBDHBG,Hepatitis B surface antigen,HEPBD_J,"Hepatitis B: Core antibody, Surface antigen, and Hepatitis D antibody ",2017,2018,Laboratory,None
51,LBDHD,Hepatitis D antibody (anti-HDV),HEPBD_J,"Hepatitis B: Core antibody, Surface antigen, and Hepatitis D antibody ",2017,2018,Laboratory,None
52,LBXHBC,Hepatitis B core antibody,HEPBD_J,"Hepatitis B: Core antibody, Surface antigen, and Hepatitis D antibody ",2017,2018,Laboratory,None
53,SEQN,Respondent sequence number,HEPBD_J,"Hepatitis B: Core antibody, Surface antigen, and Hepatitis D antibody ",2017,2018,Laboratory,None
54,LBDHCI,Hepatitis C Antibody (confirmed),HEPC_J,"Hepatitis C: RNA (HCV-RNA), Confirmed Antibody (INNO-LIA), & Genotype",2017,2018,Laboratory,None
55,LBXHCG,Hepatitis C Genotype,HEPC_J,"Hepatitis C: RNA (HCV-RNA), Confirmed Antibody (INNO-LIA), & Genotype",2017,2018,Laboratory,None
56,LBXHCR,Hepatitis C RNA,HEPC_J,"Hepatitis C: RNA (HCV-RNA), Confirmed Antibody (INNO-LIA), & Genotype",2017,2018,Laboratory,None
57,SEQN,Respondent sequence number.,HEPC_J,"Hepatitis C: RNA (HCV-RNA), Confirmed Antibody (INNO-LIA), & Genotype",2017,2018,Laboratory,None
58,LBDHEG,Hepatitis E IgG (anti-HEV),HEPE_J,Hepatitis E: IgG & IgM Antibodies,2017,2018,Laboratory,None
59,LBDHEM,Hepatitis E IgM (anti-HEV),HEPE_J,Hepatitis E: IgG & IgM Antibodies,2017,2018,Laboratory,None
60,SEQN,Respondent sequence number,HEPE_J,Hepatitis E: IgG & IgM Antibodies,2017,2018,Laboratory,None
61,LBDBANO,Basophils number (1000 cells/uL),CBC_J,Complete Blood Count with 5-Part Differential,2017,2018,Laboratory,None
62,LBDEONO,Eosinophils number (1000 cells/uL),CBC_J,Complete Blood Count with 5-Part Differential,2017,2018,Laboratory,None
63,LBDLYMNO,Lymphocyte number (1000 cells/uL),CBC_J,Complete Blood Count with 5-Part Differential,2017,2018,Laboratory,None
64,LBDMONO,Monocyte number (1000 cells/uL),CBC_J,Complete Blood Count with 5-Part Differential,2017,2018,Laboratory,None
65,LBDNENO,Segmented neutrophils number (1000 cell/uL),CBC_J,Complete Blood Count with 5-Part Differential,2017,2018,Laboratory,None
66,LBXBAPCT,Basophils percent (%),CBC_J,Complete Blood Count with 5-Part Differential,2017,2018,Laboratory,None
67,LBXEOPCT,Eosinophils percent (%),CBC_J,Complete Blood Count with 5-Part Differential,2017,2018,Laboratory,None
68,LBXHCT,Hematocrit (%),CBC_J,Complete Blood Count with 5-Part Differential,2017,2018,Laboratory,None
69,LBXHGB,Hemoglobin (g/dL),CBC_J,Complete Blood Count with 5-Part Differential,2017,2018,Laboratory,None
70,LBXLYPCT,Lymphocyte percent (%),CBC_J,Complete Blood Count with 5-Part Differential,2017,2018,Laboratory,None
71,LBXMC,Mean cell hemoglobin concentration (g/dL),CBC_J,Complete Blood Count with 5-Part Differential,2017,2018,Laboratory,None
72,LBXMCHSI,Mean cell hemoglobin (pg),CBC_J,Complete Blood Count with 5-Part Differential,2017,2018,Laboratory,None
73,LBXMCVSI,Mean cell volume (fL),CBC_J,Complete Blood Count with 5-Part Differential,2017,2018,Laboratory,None
74,LBXMOPCT,Monocyte percent (%),CBC_J,Complete Blood Count with 5-Part Differential,2017,2018,Laboratory,None
75,LBXMPSI,Mean platelet volume (fL),CBC_J,Complete Blood Count with 5-Part Differential,2017,2018,Laboratory,None
76,LBXNEPCT,Segmented neutrophils percent (%),CBC_J,Complete Blood Count with 5-Part Differential,2017,2018,Laboratory,None
77,LBXNRBC,Nucleated red blood cells ,CBC_J,Complete Blood Count with 5-Part Differential,2017,2018,Laboratory,None
78,LBXPLTSI,Platelet count (1000 cells/uL),CBC_J,Complete Blood Count with 5-Part Differential,2017,2018,Laboratory,None
79,LBXRBCSI,Red blood cell count (million cells/uL),CBC_J,Complete Blood Count with 5-Part Differential,2017,2018,Laboratory,None
80,LBXRDW,Red cell distribution width (%),CBC_J,Complete Blood Count with 5-Part Differential,2017,2018,Laboratory,None
81,LBXWBCSI,White blood cell count (1000 cells/uL),CBC_J,Complete Blood Count with 5-Part Differential,2017,2018,Laboratory,None
82,SEQN,Respondent sequence number.,CBC_J,Complete Blood Count with 5-Part Differential,2017,2018,Laboratory,None
83,LBDHRPLC,High-Sensitivity C-Reactive Protein (hs-CRP) Comment Code,HSCRP_J,High-Sensitivity C-Reactive Protein,2017,2018,Laboratory,None
84,LBXHSCRP,High-Sensitivity C-Reactive Protein (hs-CRP) (mg/L),HSCRP_J,High-Sensitivity C-Reactive Protein,2017,2018,Laboratory,None
85,SEQN,Respondent Sequence Number,HSCRP_J,High-Sensitivity C-Reactive Protein,2017,2018,Laboratory,None
86,LBDTCSI,Total Cholesterol (mmol/L),TCHOL_J,Cholesterol - Total,2017,2018,Laboratory,None
87,LBXTC,Total Cholesterol (mg/dL),TCHOL_J,Cholesterol - Total,2017,2018,Laboratory,None
88,SEQN,Respondent Sequence Number,TCHOL_J,Cholesterol - Total,2017,2018,Laboratory,None
89,LBDHDD,Direct HDL-Cholesterol (mg/dL),HDL_J,Cholesterol - High - Density Lipoprotein (HDL) ,2017,2018,Laboratory,None
90,LBDHDDSI,Direct HDL-Cholesterol (mmol/L),HDL_J,Cholesterol - High - Density Lipoprotein (HDL) ,2017,2018,Laboratory,None
91,SEQN,Respondent Sequence Number,HDL_J,Cholesterol - High - Density Lipoprotein (HDL) ,2017,2018,Laboratory,None
92,LBDSALSI,"Albumin, refrigerated serum(g/L)",BIOPRO_J,Standard Biochemistry Profile,2017,2018,Laboratory,None
93,LBDSATLC,Alanine Aminotransferase (ALT) Comment Code,BIOPRO_J,Standard Biochemistry Profile,2017,2018,Laboratory,None
94,LBDSBUSI,Blood Urea Nitrogen (mmol/L),BIOPRO_J,Standard Biochemistry Profile,2017,2018,Laboratory,None
95,LBDSCASI,Total Calcium (mmol/L),BIOPRO_J,Standard Biochemistry Profile,2017,2018,Laboratory,None
96,LBDSCHSI,"Total Cholesterol, refrigerated serum (mmol/L)",BIOPRO_J,Standard Biochemistry Profile,2017,2018,Laboratory,None
97,LBDSCRSI,"Creatinine, refrigerated serum (umol/L)",BIOPRO_J,Standard Biochemistry Profile,2017,2018,Laboratory,None
98,LBDSGBSI,Globulin (g/L),BIOPRO_J,Standard Biochemistry Profile,2017,2018,Laboratory,None
99,LBDSGLSI,"Glucose, refrigerated serum (mmol/L)",BIOPRO_J,Standard Biochemistry Profile,2017,2018,Laboratory,None
100,LBDSGTLC,Gamma Glutamyl Transferase (GGT) Comment Code,BIOPRO_J,Standard Biochemistry Profile,2017,2018,Laboratory,None
101,LBDSIRSI,"Iron, refrigerated serum (umol/L)",BIOPRO_J,Standard Biochemistry Profile,2017,2018,Laboratory,None
102,LBDSPHSI,Phosphorus (mmol/L),BIOPRO_J,Standard Biochemistry Profile,2017,2018,Laboratory,None
103,LBDSTBLC,Total Bilirubin Comment Code,BIOPRO_J,Standard Biochemistry Profile,2017,2018,Laboratory,None
104,LBDSTBSI,Total Bilirubin (umol/L),BIOPRO_J,Standard Biochemistry Profile,2017,2018,Laboratory,None
105,LBDSTPSI,Total Protein (g/L),BIOPRO_J,Standard Biochemistry Profile,2017,2018,Laboratory,None
106,LBDSTRSI,"Triglycerides, refrigerated serum (mmol/L)",BIOPRO_J,Standard Biochemistry Profile,2017,2018,Laboratory,None
107,LBDSUASI,Uric acid (umol/L),BIOPRO_J,Standard Biochemistry Profile,2017,2018,Laboratory,None
108,LBXSAL,"Albumin, refrigerated serum (g/dL)",BIOPRO_J,Standard Biochemistry Profile,2017,2018,Laboratory,None
109,LBXSAPSI,Alkaline Phosphatase (ALP) (IU/L),BIOPRO_J,Standard Biochemistry Profile,2017,2018,Laboratory,None
110,LBXSASSI,Aspartate Aminotransferase (AST) (IU/L),BIOPRO_J,Standard Biochemistry Profile,2017,2018,Laboratory,None
111,LBXSATSI,Alanine Aminotransferase (ALT) (IU/L),BIOPRO_J,Standard Biochemistry Profile,2017,2018,Laboratory,None
112,LBXSBU,Blood Urea Nitrogen (mg/dL),BIOPRO_J,Standard Biochemistry Profile,2017,2018,Laboratory,None
113,LBXSC3SI,Bicarbonate (mmol/L),BIOPRO_J,Standard Biochemistry Profile,2017,2018,Laboratory,None
114,LBXSCA,Total Calcium (mg/dL),BIOPRO_J,Standard Biochemistry Profile,2017,2018,Laboratory,None
115,LBXSCH,"Total Cholesterol, refrigerated serum (mg/dL)",BIOPRO_J,Standard Biochemistry Profile,2017,2018,Laboratory,None
116,LBXSCK,Creatine Phosphokinase (CPK) (IU/L),BIOPRO_J,Standard Biochemistry Profile,2017,2018,Laboratory,None
117,LBXSCLSI,Chloride (mmol/L),BIOPRO_J,Standard Biochemistry Profile,2017,2018,Laboratory,None
118,LBXSCR,"Creatinine, refrigerated serum (mg/dL)",BIOPRO_J,Standard Biochemistry Profile,2017,2018,Laboratory,None
119,LBXSGB,Globulin (g/dL),BIOPRO_J,Standard Biochemistry Profile,2017,2018,Laboratory,None
120,LBXSGL,"Glucose, refrigerated serum (mg/dL)",BIOPRO_J,Standard Biochemistry Profile,2017,2018,Laboratory,None
121,LBXSGTSI,Gamma Glutamyl Transferase (GGT) (IU/L),BIOPRO_J,Standard Biochemistry Profile,2017,2018,Laboratory,None
122,LBXSIR,"Iron, refrigerated serum (ug/dL)",BIOPRO_J,Standard Biochemistry Profile,2017,2018,Laboratory,None
123,LBXSKSI,Potassium (mmol/L),BIOPRO_J,Standard Biochemistry Profile,2017,2018,Laboratory,None
124,LBXSLDSI,Lactate Dehydrogenase (LDH) (IU/L),BIOPRO_J,Standard Biochemistry Profile,2017,2018,Laboratory,None
125,LBXSNASI,Sodium (mmol/L),BIOPRO_J,Standard Biochemistry Profile,2017,2018,Laboratory,None
126,LBXSOSSI,Osmolality (mmol/Kg),BIOPRO_J,Standard Biochemistry Profile,2017,2018,Laboratory,None
127,LBXSPH,Phosphorus (mg/dL),BIOPRO_J,Standard Biochemistry Profile,2017,2018,Laboratory,None
128,LBXSTB,Total Bilirubin (mg/dL),BIOPRO_J,Standard Biochemistry Profile,2017,2018,Laboratory,None
129,LBXSTP,Total Protein (g/dL),BIOPRO_J,Standard Biochemistry Profile,2017,2018,Laboratory,None
130,LBXSTR,"Triglycerides, refrigerated serum (mg/dL)",BIOPRO_J,Standard Biochemistry Profile,2017,2018,Laboratory,None
131,LBXSUA,Uric acid (mg/dL),BIOPRO_J,Standard Biochemistry Profile,2017,2018,Laboratory,None
132,SEQN,Respondent Sequence Number,BIOPRO_J,Standard Biochemistry Profile,2017,2018,Laboratory,None
133,LBDIRNSI,"Iron frozen, Serum (umol/L)",FETIB_J,Iron Status - Serum,2017,2018,Laboratory,None
134,LBDPCT,Transferrin Saturation (%) ,FETIB_J,Iron Status - Serum,2017,2018,Laboratory,None
135,LBDTIB,Total Iron Binding Capacity TIBC (ug/dL),FETIB_J,Iron Status - Serum,2017,2018,Laboratory,None
136,LBDTIBSI,Total Iron Binding Capacity (TIBC) (umol/L),FETIB_J,Iron Status - Serum,2017,2018,Laboratory,None
137,LBDUIBLC,"Unsaturated Iron Binding Capacity (UIBC), Serum Comment Code",FETIB_J,Iron Status - Serum,2017,2018,Laboratory,None
138,LBDUIBSI,"Unsaturated Iron Binding Capacity (UIBC), Serum (umol/L)",FETIB_J,Iron Status - Serum,2017,2018,Laboratory,None
139,LBXIRN,"Iron frozen, Serum (ug/dL)",FETIB_J,Iron Status - Serum,2017,2018,Laboratory,None
140,LBXUIB,"Unsaturated Iron Binding Capacity (UIBC), Serum (ug/dL)",FETIB_J,Iron Status - Serum,2017,2018,Laboratory,None
141,SEQN,Respondent sequence number.,FETIB_J,Iron Status - Serum,2017,2018,Laboratory,None
142,LBDBCDLC,Blood cadmium comment code,PBCD_J,"Lead, Cadmium, Total Mercury, Selenium, & Manganese - Blood",2017,2018,Laboratory,None
143,LBDBCDSI,Blood cadmium (nmol/L),PBCD_J,"Lead, Cadmium, Total Mercury, Selenium, & Manganese - Blood",2017,2018,Laboratory,None
144,LBDBMNLC,Blood manganese comment code,PBCD_J,"Lead, Cadmium, Total Mercury, Selenium, & Manganese - Blood",2017,2018,Laboratory,None
145,LBDBMNSI,Blood manganese (nmol/L),PBCD_J,"Lead, Cadmium, Total Mercury, Selenium, & Manganese - Blood",2017,2018,Laboratory,None
146,LBDBPBLC,Blood lead comment code,PBCD_J,"Lead, Cadmium, Total Mercury, Selenium, & Manganese - Blood",2017,2018,Laboratory,None
147,LBDBPBSI,Blood lead (umol/L),PBCD_J,"Lead, Cadmium, Total Mercury, Selenium, & Manganese - Blood",2017,2018,Laboratory,None
148,LBDBSELC,Blood selenium comment code,PBCD_J,"Lead, Cadmium, Total Mercury, Selenium, & Manganese - Blood",2017,2018,Laboratory,None
149,LBDBSESI,Blood selenium (umol/L),PBCD_J,"Lead, Cadmium, Total Mercury, Selenium, & Manganese - Blood",2017,2018,Laboratory,None
150,LBDTHGLC,"Blood mercury, total comment code",PBCD_J,"Lead, Cadmium, Total Mercury, Selenium, & Manganese - Blood",2017,2018,Laboratory,None
151,LBDTHGSI,"Blood mercury, total (nmol/L)",PBCD_J,"Lead, Cadmium, Total Mercury, Selenium, & Manganese - Blood",2017,2018,Laboratory,None
152,LBXBCD,Blood cadmium (ug/L),PBCD_J,"Lead, Cadmium, Total Mercury, Selenium, & Manganese - Blood",2017,2018,Laboratory,None
153,LBXBMN,Blood manganese (ug/L),PBCD_J,"Lead, Cadmium, Total Mercury, Selenium, & Manganese - Blood",2017,2018,Laboratory,None
154,LBXBPB,Blood lead (ug/dL),PBCD_J,"Lead, Cadmium, Total Mercury, Selenium, & Manganese - Blood",2017,2018,Laboratory,None
155,LBXBSE,Blood selenium(ug/L),PBCD_J,"Lead, Cadmium, Total Mercury, Selenium, & Manganese - Blood",2017,2018,Laboratory,None
156,LBXTHG,"Blood mercury, total (ug/L) ",PBCD_J,"Lead, Cadmium, Total Mercury, Selenium, & Manganese - Blood",2017,2018,Laboratory,None
157,SEQN,Respondent sequence number,PBCD_J,"Lead, Cadmium, Total Mercury, Selenium, & Manganese - Blood",2017,2018,Laboratory,None
158,LBDBCOLC,Cobalt Comment Code,CRCO_J,Chromium & Cobalt,2017,2018,Laboratory,None
159,LBDBCOSI,Cobalt (nmol/L),CRCO_J,Chromium & Cobalt,2017,2018,Laboratory,None
160,LBDBCRLC,Chromium Comment Code,CRCO_J,Chromium & Cobalt,2017,2018,Laboratory,None
161,LBDBCRSI,Chromium (nmol/L),CRCO_J,Chromium & Cobalt,2017,2018,Laboratory,None
162,LBXBCO,Cobalt (ug/L),CRCO_J,Chromium & Cobalt,2017,2018,Laboratory,None
163,LBXBCR,Chromium (ug/L),CRCO_J,Chromium & Cobalt,2017,2018,Laboratory,None
164,SEQN,Respondent sequence number.,CRCO_J,Chromium & Cobalt,2017,2018,Laboratory,None
165,LBDBGELC,"Mercury, ethyl comment code",IHGEM_J,"Mercury: Inorganic, Ethyl and Methyl - Blood",2017,2018,Laboratory,None
166,LBDBGESI,"Mercury, ethyl (nmol/L)",IHGEM_J,"Mercury: Inorganic, Ethyl and Methyl - Blood",2017,2018,Laboratory,None
167,LBDBGMLC,"Mercury, methyl comment code",IHGEM_J,"Mercury: Inorganic, Ethyl and Methyl - Blood",2017,2018,Laboratory,None
168,LBDBGMSI,"Mercury, methyl (nmol/L)",IHGEM_J,"Mercury: Inorganic, Ethyl and Methyl - Blood",2017,2018,Laboratory,None
169,LBDIHGLC,"Mercury, inorganic comment code",IHGEM_J,"Mercury: Inorganic, Ethyl and Methyl - Blood",2017,2018,Laboratory,None
170,LBDIHGSI,"Mercury, inorganic (nmol/L)",IHGEM_J,"Mercury: Inorganic, Ethyl and Methyl - Blood",2017,2018,Laboratory,None
171,LBXBGE,"Mercury, ethyl (ug/L)",IHGEM_J,"Mercury: Inorganic, Ethyl and Methyl - Blood",2017,2018,Laboratory,None
172,LBXBGM,"Mercury, methyl (ug/L) ",IHGEM_J,"Mercury: Inorganic, Ethyl and Methyl - Blood",2017,2018,Laboratory,None
173,LBXIHG,"Inorganic mercury, blood (ug/L)",IHGEM_J,"Mercury: Inorganic, Ethyl and Methyl - Blood",2017,2018,Laboratory,None
174,SEQN,Respondent sequence number.,IHGEM_J,"Mercury: Inorganic, Ethyl and Methyl - Blood",2017,2018,Laboratory,None
175,LBXIGG,Cytomegalovirus (CMV) IgG,CMV_J,Cytomegalovirus IgG & IgM Antibodies - Serum,2017,2018,Laboratory,None
176,LBXIGGA,Cytomegalovirus (CMV) IgG avidity,CMV_J,Cytomegalovirus IgG & IgM Antibodies - Serum,2017,2018,Laboratory,None
177,LBXIGM,Cytomegalovirus (CMV) IgM,CMV_J,Cytomegalovirus IgG & IgM Antibodies - Serum,2017,2018,Laboratory,None
178,SEQN,Respondent sequence number.,CMV_J,Cytomegalovirus IgG & IgM Antibodies - Serum,2017,2018,Laboratory,None
179,LBXHE2,Herpes Simplex Virus Type 2,HSV_J_R,Herpes Simplex Virus Type-2 - Youth,2017,2018,Laboratory,RDC Only
180,SEQN,Respondent sequence number,HSV_J_R,Herpes Simplex Virus Type-2 - Youth,2017,2018,Laboratory,RDC Only
181,LBXHE1,Herpes Simplex Virus Type 1,HSVA_J_R,Herpes Simplex Virus Type-1 and Type-2,2017,2018,Laboratory,RDC Only
182,LBXHE2,Herpes Simplex Virus Type 2,HSVA_J_R,Herpes Simplex Virus Type-1 and Type-2,2017,2018,Laboratory,RDC Only
183,SEQN,Respondent sequence number,HSVA_J_R,Herpes Simplex Virus Type-1 and Type-2,2017,2018,Laboratory,RDC Only
184,SEQN,Respondent sequence number,MGEA_J_R,Mycoplasma genitalium - Urine - Adult,2017,2018,Laboratory,RDC Only
185,URXMYGE,"Mycoplasma genitalium, Urine",MGEA_J_R,Mycoplasma genitalium - Urine - Adult,2017,2018,Laboratory,RDC Only
186,SEQN,Respondent sequence number,MGEN_J_R,Mycoplasma genitalium - Urine - Youth,2017,2018,Laboratory,RDC Only
187,URXMYGE,"Mycoplasma genitalium, Urine",MGEN_J_R,Mycoplasma genitalium - Urine - Youth,2017,2018,Laboratory,RDC Only
188,SEQN,Respondent sequence number.,TRIA_J_R,Trichomonas - Urine - Adult,2017,2018,Laboratory,RDC Only
189,URXUTRI,"Trichomonas, Urine",TRIA_J_R,Trichomonas - Urine - Adult,2017,2018,Laboratory,RDC Only
190,SEQN,Respondent sequence number.,TRIC_J_R,Trichomonas - Urine - Youth ,2017,2018,Laboratory,RDC Only
191,URXUTRI,"Trichomonas, Urine",TRIC_J_R,Trichomonas - Urine - Youth ,2017,2018,Laboratory,RDC Only
192,SEQN,Respondent sequence number.,CHLA_J_R,Chlamydia - Urine - Adult,2017,2018,Laboratory,RDC Only
193,URXUCL,"Chlamydia, Urine",CHLA_J_R,Chlamydia - Urine - Adult,2017,2018,Laboratory,RDC Only
194,SEQN,Respondent sequence number,CHLM_J_R,Chlamydia - Urine - Youth ,2017,2018,Laboratory,RDC Only
195,URXUCL,"Chlamydia, Urine",CHLM_J_R,Chlamydia - Urine - Youth ,2017,2018,Laboratory,RDC Only
196,LBDGLUSI,Fasting Glucose (mmol/L),GLU_J,Plasma Fasting Glucose ,2017,2018,Laboratory,None
197,LBXGLU,Fasting Glucose (mg/dL),GLU_J,Plasma Fasting Glucose ,2017,2018,Laboratory,None
198,SEQN,Respondent sequence number,GLU_J,Plasma Fasting Glucose ,2017,2018,Laboratory,None
199,WTSAF2YR,Fasting Subsample 2 Year MEC Weight,GLU_J,Plasma Fasting Glucose ,2017,2018,Laboratory,None
200,LBDCOTLC,"Cotinine, Serum Comment Code",COT_J,Cotinine and Hydroxycotinine - Serum,2017,2018,Laboratory,None
201,LBDHCTLC,"Hydroxycotinine, Serum Comment Code",COT_J,Cotinine and Hydroxycotinine - Serum,2017,2018,Laboratory,None
202,LBXCOT,"Cotinine, Serum (ng/mL)",COT_J,Cotinine and Hydroxycotinine - Serum,2017,2018,Laboratory,None
203,LBXHCT,"Hydroxycotinine, Serum (ng/mL)",COT_J,Cotinine and Hydroxycotinine - Serum,2017,2018,Laboratory,None
204,SEQN,Respondent sequence number,COT_J,Cotinine and Hydroxycotinine - Serum,2017,2018,Laboratory,None
205,LBDINLC,Insulin Comment Code,INS_J,Insulin,2017,2018,Laboratory,None
206,LBDINSI,Insulin (pmol/L),INS_J,Insulin,2017,2018,Laboratory,None
207,LBXIN,Insulin (uU/mL),INS_J,Insulin,2017,2018,Laboratory,None
208,SEQN,Respondent sequence number.,INS_J,Insulin,2017,2018,Laboratory,None
209,WTSAF2YR,Fasting Subsample 2 Year MEC Weight,INS_J,Insulin,2017,2018,Laboratory,None
210,LBDFERSI,Ferritin (ug/L),FERTIN_J,Ferritin ,2017,2018,Laboratory,None
211,LBXFER,Ferritin (ng/mL),FERTIN_J,Ferritin ,2017,2018,Laboratory,None
212,SEQN,Respondent sequence number,FERTIN_J,Ferritin ,2017,2018,Laboratory,None
213,LBDVICLC,Vitamin C comment code,VIC_J,Vitamin C,2017,2018,Laboratory,None
214,LBDVICSI,Vitamin C (umol/L),VIC_J,Vitamin C,2017,2018,Laboratory,None
215,LBXVIC,Vitamin C (mg/dL),VIC_J,Vitamin C,2017,2018,Laboratory,None
216,SEQN,Respondent sequence number,VIC_J,Vitamin C,2017,2018,Laboratory,None
217,LBDLDL,"LDL-Cholesterol, Friedewald equation (mg/dL).

LBDLDL = (LBXTC-(LBDHDD + LBXTR/5), round to 0 decimal places) for LBXTR less than 400 mg/dL, and missing for LBXTR greater than 400 mg/dL.

LBDHDD from public release file HDL_J",TRIGLY_J,Cholesterol - Low-Density Lipoproteins (LDL) & Triglycerides,2017,2018,Laboratory,None
218,LBDLDLM,"LDL-Cholesterol, Martin-Hopkins equation (mg/dL).

LBDLDLM = (LBXTC-(LBDHDD + LBXTR/Adjustable Factor), round to 0 decimal places) for LBXTR less than 400 mg/dL, and missing for LBXTR greater than 400 mg/dL.

LBDHDD from public release file HDL_J",TRIGLY_J,Cholesterol - Low-Density Lipoproteins (LDL) & Triglycerides,2017,2018,Laboratory,None
219,LBDLDLN,"LBDLDLN = 
 (LBXTC/0.948  – LBDHDD/0.971 – (LBXTR/8.56 + (LBXTR * (LBXTC – LBDHDD))/2140 – LBXTR^2/16100) – 9.44), round 0 decimal places) for LBXTR less than 800 mg/dL, and missing for LBXTR GE 800 mg/dL.

^2 stands for power=2, or squared. 
LBDHDD from public release file HDL_J",TRIGLY_J,Cholesterol - Low-Density Lipoproteins (LDL) & Triglycerides,2017,2018,Laboratory,None
220,LBDLDLSI,"LDL-Cholesterol, Friedewald equation (mmol/L)",TRIGLY_J,Cholesterol - Low-Density Lipoproteins (LDL) & Triglycerides,2017,2018,Laboratory,None
221,LBDLDMSI,"LDL-Cholesterol, Martin-Hopkins equation (mmol/L)",TRIGLY_J,Cholesterol - Low-Density Lipoproteins (LDL) & Triglycerides,2017,2018,Laboratory,None
222,LBDLDNSI,"LDL-Cholesterol, NIH equation 2 (mmol/L)",TRIGLY_J,Cholesterol - Low-Density Lipoproteins (LDL) & Triglycerides,2017,2018,Laboratory,None
223,LBDTRSI,Triglyceride (mmol/L),TRIGLY_J,Cholesterol - Low-Density Lipoproteins (LDL) & Triglycerides,2017,2018,Laboratory,None
224,LBXTR,Triglyceride (mg/dL),TRIGLY_J,Cholesterol - Low-Density Lipoproteins (LDL) & Triglycerides,2017,2018,Laboratory,None
225,SEQN,Respondent sequence number,TRIGLY_J,Cholesterol - Low-Density Lipoproteins (LDL) & Triglycerides,2017,2018,Laboratory,None
226,WTSAF2YR,Fasting Subsample 2 Year MEC Weight,TRIGLY_J,Cholesterol - Low-Density Lipoproteins (LDL) & Triglycerides,2017,2018,Laboratory,None
227,LBDRFO,RBC folate (ng/mL),FOLATE_J,Folate - RBC,2017,2018,Laboratory,None
228,LBDRFOSI,RBC folate (nmol/L),FOLATE_J,Folate - RBC,2017,2018,Laboratory,None
229,SEQN,Respondent sequence number,FOLATE_J,Folate - RBC,2017,2018,Laboratory,None
230,WTFOL2YR,Folate and Folate Forms Weight,FOLATE_J,Folate - RBC,2017,2018,Laboratory,None
231,LBDFOT,Serum total folate (ng/mL),FOLFMS_J,Folate Forms - Total & Individual - Serum,2017,2018,Laboratory,None
232,LBDFOTSI,Serum total folate (nmol/L),FOLFMS_J,Folate Forms - Total & Individual - Serum,2017,2018,Laboratory,None
233,LBDSF1LC,5-Methyl-tetrahydrofolic comment code,FOLFMS_J,Folate Forms - Total & Individual - Serum,2017,2018,Laboratory,None
234,LBDSF2LC,Folic acid comment code,FOLFMS_J,Folate Forms - Total & Individual - Serum,2017,2018,Laboratory,None
235,LBDSF3LC,5-Formyl-tetrahydrofolate comment code,FOLFMS_J,Folate Forms - Total & Individual - Serum,2017,2018,Laboratory,None
236,LBDSF4LC,Tetrahydrofolate comment code,FOLFMS_J,Folate Forms - Total & Individual - Serum,2017,2018,Laboratory,None
237,LBDSF5LC,"5,10-Methenyl-tetrahydrofolate comment code",FOLFMS_J,Folate Forms - Total & Individual - Serum,2017,2018,Laboratory,None
238,LBDSF6LC,Mefox oxidation product comment code,FOLFMS_J,Folate Forms - Total & Individual - Serum,2017,2018,Laboratory,None
239,LBXSF1SI,5-Methyl-tetrahydrofolate (nmol/L),FOLFMS_J,Folate Forms - Total & Individual - Serum,2017,2018,Laboratory,None
240,LBXSF2SI,Folic acid (nmol/L),FOLFMS_J,Folate Forms - Total & Individual - Serum,2017,2018,Laboratory,None
241,LBXSF3SI,5-Formyl-tetrahydrofolate (nmol/L),FOLFMS_J,Folate Forms - Total & Individual - Serum,2017,2018,Laboratory,None
242,LBXSF4SI,Tetrahydrofolate (nmol/L),FOLFMS_J,Folate Forms - Total & Individual - Serum,2017,2018,Laboratory,None
243,LBXSF5SI,"5,10-Methenyl-tetrahydrofolate (nmol/L)",FOLFMS_J,Folate Forms - Total & Individual - Serum,2017,2018,Laboratory,None
244,LBXSF6SI,Mefox oxidation product (nmol/L),FOLFMS_J,Folate Forms - Total & Individual - Serum,2017,2018,Laboratory,None
245,SEQN,Respondent sequence number,FOLFMS_J,Folate Forms - Total & Individual - Serum,2017,2018,Laboratory,None
246,WTFOL2YR,Folate and Folate Forms Weight,FOLFMS_J,Folate Forms - Total & Individual - Serum,2017,2018,Laboratory,None
247,SEQN,Respondent sequence number,UCM_J,Chromium - Urine,2017,2018,Laboratory,None
248,URDUCMLC,"Chromium, Urine Comment Code",UCM_J,Chromium - Urine,2017,2018,Laboratory,None
249,URXUCM,"Chromium, Urine (ug/L)",UCM_J,Chromium - Urine,2017,2018,Laboratory,None
250,WTSA2YR,Subsample A weights,UCM_J,Chromium - Urine,2017,2018,Laboratory,None
251,SEQN,Respondent sequence number,UHG_J,Mercury - Urine,2017,2018,Laboratory,None
252,URDUHGLC,"Mercury, Urine Comment Code",UHG_J,Mercury - Urine,2017,2018,Laboratory,None
253,URXUHG,Urine Mercury (ug/L),UHG_J,Mercury - Urine,2017,2018,Laboratory,None
254,WTSA2YR,"Subsample A weights
",UHG_J,Mercury - Urine,2017,2018,Laboratory,None
255,SEQN,Respondent sequence number,UNI_J,Nickel - Urine,2017,2018,Laboratory,None
256,URDUNILC,"Nickel, Urine Comment Code",UNI_J,Nickel - Urine,2017,2018,Laboratory,None
257,URXUNI,"Nickel, Urine (ug/L)",UNI_J,Nickel - Urine,2017,2018,Laboratory,None
258,WTSA2YR,Subsample A weights,UNI_J,Nickel - Urine,2017,2018,Laboratory,None
259,SEQN,Respondent sequence number,UIO_J,Iodine - Urine,2017,2018,Laboratory,None
260,URDUIOLC,"Iodine, urine comment code",UIO_J,Iodine - Urine,2017,2018,Laboratory,None
261,URXUIO,"Iodine, urine (ug/L)",UIO_J,Iodine - Urine,2017,2018,Laboratory,None
262,WTSA2YR,Subsample A weights,UIO_J,Iodine - Urine,2017,2018,Laboratory,None
263,LBD2DFLC,"Blood 2,5-Dimethylfuran Comment Code",VOCWB_J,Volatile Organic Compounds and Trihalomethanes/MTBE - Blood ,2017,2018,Laboratory,None
264,LBD4CELC,"Blood 1,1,1,2-Tetrachloroethane Comment Code",VOCWB_J,Volatile Organic Compounds and Trihalomethanes/MTBE - Blood ,2017,2018,Laboratory,None
265,LBDV06LC,Blood Hexane Comment Code,VOCWB_J,Volatile Organic Compounds and Trihalomethanes/MTBE - Blood ,2017,2018,Laboratory,None
266,LBDV07LC,Blood Heptane Comment Code,VOCWB_J,Volatile Organic Compounds and Trihalomethanes/MTBE - Blood ,2017,2018,Laboratory,None
267,LBDV08LC,Blood Octane Comment Code,VOCWB_J,Volatile Organic Compounds and Trihalomethanes/MTBE - Blood ,2017,2018,Laboratory,None
268,LBDV1DLC,"Blood 1,2-Dichlorobenzene Comment Code ",VOCWB_J,Volatile Organic Compounds and Trihalomethanes/MTBE - Blood ,2017,2018,Laboratory,None
269,LBDV2ALC,"Blood 1,2-Dichloroethane Comment Code",VOCWB_J,Volatile Organic Compounds and Trihalomethanes/MTBE - Blood ,2017,2018,Laboratory,None
270,LBDV3BLC,"Blood 1,3-Dichlorobenzene Comment Code",VOCWB_J,Volatile Organic Compounds and Trihalomethanes/MTBE - Blood ,2017,2018,Laboratory,None
271,LBDV4CLC,Blood Tetrachloroethene Comment Code,VOCWB_J,Volatile Organic Compounds and Trihalomethanes/MTBE - Blood ,2017,2018,Laboratory,None
272,LBDVBFLC,Blood Bromoform Comment Code,VOCWB_J,Volatile Organic Compounds and Trihalomethanes/MTBE - Blood ,2017,2018,Laboratory,None
273,LBDVBMLC,Blood Bromodichloromethane Comment Code,VOCWB_J,Volatile Organic Compounds and Trihalomethanes/MTBE - Blood ,2017,2018,Laboratory,None
274,LBDVBZLC,Blood Benzene Comment Code,VOCWB_J,Volatile Organic Compounds and Trihalomethanes/MTBE - Blood ,2017,2018,Laboratory,None
275,LBDVC6LC,Blood Cyclohexane Comment Code,VOCWB_J,Volatile Organic Compounds and Trihalomethanes/MTBE - Blood ,2017,2018,Laboratory,None
276,LBDVCBLC,Blood Chlorobenzene Comment Code,VOCWB_J,Volatile Organic Compounds and Trihalomethanes/MTBE - Blood ,2017,2018,Laboratory,None
277,LBDVCFLC,Blood Chloroform Comment Code,VOCWB_J,Volatile Organic Compounds and Trihalomethanes/MTBE - Blood ,2017,2018,Laboratory,None
278,LBDVCMLC,Blood Dibromochloromethane Comment Code,VOCWB_J,Volatile Organic Compounds and Trihalomethanes/MTBE - Blood ,2017,2018,Laboratory,None
279,LBDVCTLC,Blood Carbon Tetrachloride Comment Code,VOCWB_J,Volatile Organic Compounds and Trihalomethanes/MTBE - Blood ,2017,2018,Laboratory,None
280,LBDVDBLC,"Blood 1,4-Dichlorobenzene Comment Code",VOCWB_J,Volatile Organic Compounds and Trihalomethanes/MTBE - Blood ,2017,2018,Laboratory,None
281,LBDVDELC,"Blood 1,2-Dibromoethane Comment Code",VOCWB_J,Volatile Organic Compounds and Trihalomethanes/MTBE - Blood ,2017,2018,Laboratory,None
282,LBDVEALC,Blood Ethyl Acetate Comment Code,VOCWB_J,Volatile Organic Compounds and Trihalomethanes/MTBE - Blood ,2017,2018,Laboratory,None
283,LBDVEBLC,Blood Ethylbenzene Comment Code,VOCWB_J,Volatile Organic Compounds and Trihalomethanes/MTBE - Blood ,2017,2018,Laboratory,None
284,LBDVECLC,Blood Chloroethane Comment Code,VOCWB_J,Volatile Organic Compounds and Trihalomethanes/MTBE - Blood ,2017,2018,Laboratory,None
285,LBDVEELC,Blood Diethyl Ether Comment Code,VOCWB_J,Volatile Organic Compounds and Trihalomethanes/MTBE - Blood ,2017,2018,Laboratory,None
286,LBDVFNLC,Blood Furan Comment Code,VOCWB_J,Volatile Organic Compounds and Trihalomethanes/MTBE - Blood ,2017,2018,Laboratory,None
287,LBDVFTLC,Blood aaa-Trifluorotoluene Comment Code,VOCWB_J,Volatile Organic Compounds and Trihalomethanes/MTBE - Blood ,2017,2018,Laboratory,None
288,LBDVHTLC,Blood Tetrahydrofuran Comment Code,VOCWB_J,Volatile Organic Compounds and Trihalomethanes/MTBE - Blood ,2017,2018,Laboratory,None
289,LBDVIBLC,Blood Isobutyronitrile Comment Code,VOCWB_J,Volatile Organic Compounds and Trihalomethanes/MTBE - Blood ,2017,2018,Laboratory,None
290,LBDVIPLC,Blood Isopropylbenzene Comment Code,VOCWB_J,Volatile Organic Compounds and Trihalomethanes/MTBE - Blood ,2017,2018,Laboratory,None
291,LBDVMCLC,Blood Methylene Chloride Comment Code,VOCWB_J,Volatile Organic Compounds and Trihalomethanes/MTBE - Blood ,2017,2018,Laboratory,None
292,LBDVMELC,Blood Methyl-tert-butyl ether (MTBE) Comment Code,VOCWB_J,Volatile Organic Compounds and Trihalomethanes/MTBE - Blood ,2017,2018,Laboratory,None
293,LBDVMKLC,Blood Methyl Isobutyl Ketone Comment Code,VOCWB_J,Volatile Organic Compounds and Trihalomethanes/MTBE - Blood ,2017,2018,Laboratory,None
294,LBDVMPLC,Blood Methylcyclopentane Comment Code,VOCWB_J,Volatile Organic Compounds and Trihalomethanes/MTBE - Blood ,2017,2018,Laboratory,None
295,LBDVNBLC,Blood Nitrobenzene Comment Code,VOCWB_J,Volatile Organic Compounds and Trihalomethanes/MTBE - Blood ,2017,2018,Laboratory,None
296,LBDVOXLC,Blood o-Xylene Comment Code,VOCWB_J,Volatile Organic Compounds and Trihalomethanes/MTBE - Blood ,2017,2018,Laboratory,None
297,LBDVTCLC,Blood Trichloroethene Comment Code,VOCWB_J,Volatile Organic Compounds and Trihalomethanes/MTBE - Blood ,2017,2018,Laboratory,None
298,LBDVTELC,"Blood 1,1,1-Trichloroethane Comment Code",VOCWB_J,Volatile Organic Compounds and Trihalomethanes/MTBE - Blood ,2017,2018,Laboratory,None
299,LBDVTPLC,"Blood 1,2,3-Trichloropropane Comment Code",VOCWB_J,Volatile Organic Compounds and Trihalomethanes/MTBE - Blood ,2017,2018,Laboratory,None
300,LBDVVBLC,Blood Vinyl Bromide Comment Code,VOCWB_J,Volatile Organic Compounds and Trihalomethanes/MTBE - Blood ,2017,2018,Laboratory,None
301,LBDVXYLC,Blood m-/p-Xylene Comment Code,VOCWB_J,Volatile Organic Compounds and Trihalomethanes/MTBE - Blood ,2017,2018,Laboratory,None
302,LBDVZBLC,Blood Benzonitrile Comment Code,VOCWB_J,Volatile Organic Compounds and Trihalomethanes/MTBE - Blood ,2017,2018,Laboratory,None
303,LBX2DF,"Blood 2,5-Dimethylfuran (ng/mL)",VOCWB_J,Volatile Organic Compounds and Trihalomethanes/MTBE - Blood ,2017,2018,Laboratory,None
304,LBX4CE,"Blood 1,1,1,2-Tetrachloroethane (ng/mL)",VOCWB_J,Volatile Organic Compounds and Trihalomethanes/MTBE - Blood ,2017,2018,Laboratory,None
305,LBXV06,Blood Hexane (ng/mL),VOCWB_J,Volatile Organic Compounds and Trihalomethanes/MTBE - Blood ,2017,2018,Laboratory,None
306,LBXV07N,Blood Heptane (ng/mL),VOCWB_J,Volatile Organic Compounds and Trihalomethanes/MTBE - Blood ,2017,2018,Laboratory,None
307,LBXV08N,Blood Octane (ng/mL),VOCWB_J,Volatile Organic Compounds and Trihalomethanes/MTBE - Blood ,2017,2018,Laboratory,None
308,LBXV1D,"Blood 1,2-Dichlorobenzene (ng/mL) ",VOCWB_J,Volatile Organic Compounds and Trihalomethanes/MTBE - Blood ,2017,2018,Laboratory,None
309,LBXV2A,"Blood 1,2-Dichloroethane (ng/mL)",VOCWB_J,Volatile Organic Compounds and Trihalomethanes/MTBE - Blood ,2017,2018,Laboratory,None
310,LBXV3B,"Blood 1,3-Dichlorobenzene (ng/mL)",VOCWB_J,Volatile Organic Compounds and Trihalomethanes/MTBE - Blood ,2017,2018,Laboratory,None
311,LBXV4C,Blood Tetrachloroethene (ng/mL),VOCWB_J,Volatile Organic Compounds and Trihalomethanes/MTBE - Blood ,2017,2018,Laboratory,None
312,LBXVBF,Blood Bromoform (ng/mL),VOCWB_J,Volatile Organic Compounds and Trihalomethanes/MTBE - Blood ,2017,2018,Laboratory,None
313,LBXVBM,Blood Bromodichloromethane (ng/mL),VOCWB_J,Volatile Organic Compounds and Trihalomethanes/MTBE - Blood ,2017,2018,Laboratory,None
314,LBXVBZ,Blood Benzene (ng/mL),VOCWB_J,Volatile Organic Compounds and Trihalomethanes/MTBE - Blood ,2017,2018,Laboratory,None
315,LBXVBZN,Blood Benzonitrile (ng/mL),VOCWB_J,Volatile Organic Compounds and Trihalomethanes/MTBE - Blood ,2017,2018,Laboratory,None
316,LBXVC6,Blood Cyclohexane (ng/mL),VOCWB_J,Volatile Organic Compounds and Trihalomethanes/MTBE - Blood ,2017,2018,Laboratory,None
317,LBXVCB,Blood Chlorobenzene (ng/mL),VOCWB_J,Volatile Organic Compounds and Trihalomethanes/MTBE - Blood ,2017,2018,Laboratory,None
318,LBXVCF,Blood Chloroform (ng/mL),VOCWB_J,Volatile Organic Compounds and Trihalomethanes/MTBE - Blood ,2017,2018,Laboratory,None
319,LBXVCM,Blood Dibromochloromethane (ng/mL),VOCWB_J,Volatile Organic Compounds and Trihalomethanes/MTBE - Blood ,2017,2018,Laboratory,None
320,LBXVCT,Blood Carbon Tetrachloride (ng/mL),VOCWB_J,Volatile Organic Compounds and Trihalomethanes/MTBE - Blood ,2017,2018,Laboratory,None
321,LBXVDB,"Blood 1,4-Dichlorobenzene (ng/mL)",VOCWB_J,Volatile Organic Compounds and Trihalomethanes/MTBE - Blood ,2017,2018,Laboratory,None
322,LBXVDE,"Blood 1,2-Dibromoethane (ng/mL)",VOCWB_J,Volatile Organic Compounds and Trihalomethanes/MTBE - Blood ,2017,2018,Laboratory,None
323,LBXVDEE,Blood Diethyl Ether (ng/mL),VOCWB_J,Volatile Organic Compounds and Trihalomethanes/MTBE - Blood ,2017,2018,Laboratory,None
324,LBXVEA,Blood Ethyl Acetate (ng/mL),VOCWB_J,Volatile Organic Compounds and Trihalomethanes/MTBE - Blood ,2017,2018,Laboratory,None
325,LBXVEB,Blood Ethylbenzene (ng/mL),VOCWB_J,Volatile Organic Compounds and Trihalomethanes/MTBE - Blood ,2017,2018,Laboratory,None
326,LBXVEC,Blood Chloroethane (ng/mL),VOCWB_J,Volatile Organic Compounds and Trihalomethanes/MTBE - Blood ,2017,2018,Laboratory,None
327,LBXVFN,Blood Furan (ng/mL),VOCWB_J,Volatile Organic Compounds and Trihalomethanes/MTBE - Blood ,2017,2018,Laboratory,None
328,LBXVIBN,Blood Isobutyronitrile (ng/mL),VOCWB_J,Volatile Organic Compounds and Trihalomethanes/MTBE - Blood ,2017,2018,Laboratory,None
329,LBXVIPB,Blood Isopropylbenzene (ng/mL),VOCWB_J,Volatile Organic Compounds and Trihalomethanes/MTBE - Blood ,2017,2018,Laboratory,None
330,LBXVMC,Blood Methylene Chloride (ng/mL),VOCWB_J,Volatile Organic Compounds and Trihalomethanes/MTBE - Blood ,2017,2018,Laboratory,None
331,LBXVMCP,Blood Methylcyclopentane (ng/mL),VOCWB_J,Volatile Organic Compounds and Trihalomethanes/MTBE - Blood ,2017,2018,Laboratory,None
332,LBXVME,Blood Methyl-tert-butyl ether (MTBE) (ng/mL),VOCWB_J,Volatile Organic Compounds and Trihalomethanes/MTBE - Blood ,2017,2018,Laboratory,None
333,LBXVMIK,Blood Methyl Isobutyl Ketone (ng/mL),VOCWB_J,Volatile Organic Compounds and Trihalomethanes/MTBE - Blood ,2017,2018,Laboratory,None
334,LBXVNB,Blood Nitrobenzene (ng/mL),VOCWB_J,Volatile Organic Compounds and Trihalomethanes/MTBE - Blood ,2017,2018,Laboratory,None
335,LBXVOX,Blood o-Xylene (ng/mL),VOCWB_J,Volatile Organic Compounds and Trihalomethanes/MTBE - Blood ,2017,2018,Laboratory,None
336,LBXVTC,Blood Trichloroethene (ng/mL),VOCWB_J,Volatile Organic Compounds and Trihalomethanes/MTBE - Blood ,2017,2018,Laboratory,None
337,LBXVTE,"Blood 1,1,1-Trichloroethane (ng/mL)",VOCWB_J,Volatile Organic Compounds and Trihalomethanes/MTBE - Blood ,2017,2018,Laboratory,None
338,LBXVTFT,Blood aaa-Trifluorotoluene (ng/mL),VOCWB_J,Volatile Organic Compounds and Trihalomethanes/MTBE - Blood ,2017,2018,Laboratory,None
339,LBXVTHF,Blood Tetrahydrofuran (ng/mL),VOCWB_J,Volatile Organic Compounds and Trihalomethanes/MTBE - Blood ,2017,2018,Laboratory,None
340,LBXVTP,"Blood 1,2,3-Trichloropropane (ng/mL)",VOCWB_J,Volatile Organic Compounds and Trihalomethanes/MTBE - Blood ,2017,2018,Laboratory,None
341,LBXVVB,Blood Vinyl Bromide (ng/mL),VOCWB_J,Volatile Organic Compounds and Trihalomethanes/MTBE - Blood ,2017,2018,Laboratory,None
342,LBXVXY,Blood m-/p-Xylene (ng/mL),VOCWB_J,Volatile Organic Compounds and Trihalomethanes/MTBE - Blood ,2017,2018,Laboratory,None
343,SEQN,Respondent sequence number.,VOCWB_J,Volatile Organic Compounds and Trihalomethanes/MTBE - Blood ,2017,2018,Laboratory,None
344,WTSVOC2Y,VOC Subsample Weight,VOCWB_J,Volatile Organic Compounds and Trihalomethanes/MTBE - Blood ,2017,2018,Laboratory,None
345,LBDBPBLC,Blood lead comment code,PBY_J_R,Lead - Blood - Youth ,2017,2018,Laboratory,RDC Only
346,LBDBPBSI,Blood lead (umol/L),PBY_J_R,Lead - Blood - Youth ,2017,2018,Laboratory,RDC Only
347,LBXBPB,Blood lead (ug/dL),PBY_J_R,Lead - Blood - Youth ,2017,2018,Laboratory,RDC Only
348,SEQN,Respondent sequence number,PBY_J_R,Lead - Blood - Youth ,2017,2018,Laboratory,RDC Only
349,LBDBFOAL,Branch perfluorooctanoic acid isomers Comment Code,PFAS_J,Perfluoroalkyl and Polyfluoroalkyl Substances,2017,2018,Laboratory,None
350,LBDMFOSL,Perfluoromethylheptane sulfonic acid isomers (Sm-PFOS) Comment Code,PFAS_J,Perfluoroalkyl and Polyfluoroalkyl Substances,2017,2018,Laboratory,None
351,LBDMPAHL,"2-(N-methylperfluoroctanesulfonamido)acetic acid (Me-PFOSA-AcOH) Comment Code
",PFAS_J,Perfluoroalkyl and Polyfluoroalkyl Substances,2017,2018,Laboratory,None
352,LBDNFOAL,n-perfluorooctanoic acid (n-PFOA) Comment Code,PFAS_J,Perfluoroalkyl and Polyfluoroalkyl Substances,2017,2018,Laboratory,None
353,LBDNFOSL,n-perfluorooctane sulfonic acid (n-PFOS) Comment Code,PFAS_J,Perfluoroalkyl and Polyfluoroalkyl Substances,2017,2018,Laboratory,None
354,LBDPFDEL,"Perfluorodecanoic acid (PFDeA) Comment Code
",PFAS_J,Perfluoroalkyl and Polyfluoroalkyl Substances,2017,2018,Laboratory,None
355,LBDPFHSL,Perfluorohexane sulfonic acid (PFHxS) Comment Code,PFAS_J,Perfluoroalkyl and Polyfluoroalkyl Substances,2017,2018,Laboratory,None
356,LBDPFNAL,"Perfluorononanoic acid (PFNA) Comment Code
",PFAS_J,Perfluoroalkyl and Polyfluoroalkyl Substances,2017,2018,Laboratory,None
357,LBDPFUAL,"Perfluoroundecanoic acid (PFUA) Comment Code
",PFAS_J,Perfluoroalkyl and Polyfluoroalkyl Substances,2017,2018,Laboratory,None
358,LBXBFOA,Branch perfluorooctanoic acid isomers (Sb-PFOA) (ng/mL),PFAS_J,Perfluoroalkyl and Polyfluoroalkyl Substances,2017,2018,Laboratory,None
359,LBXMFOS,Perfluoromethylheptane sulfonic acid isomers (Sm-PFOS) (ng/mL),PFAS_J,Perfluoroalkyl and Polyfluoroalkyl Substances,2017,2018,Laboratory,None
360,LBXMPAH,2-(N-methylperfluoroctanesulfonamido)acetic acid (Me-PFOSA-AcOH) (ng/mL),PFAS_J,Perfluoroalkyl and Polyfluoroalkyl Substances,2017,2018,Laboratory,None
361,LBXNFOA,n-perfluorooctanoic acid (n-PFOA) (ng/mL),PFAS_J,Perfluoroalkyl and Polyfluoroalkyl Substances,2017,2018,Laboratory,None
362,LBXNFOS,n-perfluorooctane sulfonic acid (n-PFOS) (ng/mL),PFAS_J,Perfluoroalkyl and Polyfluoroalkyl Substances,2017,2018,Laboratory,None
363,LBXPFDE,"Perfluorodecanoic acid (PFDeA) (ng/mL)
",PFAS_J,Perfluoroalkyl and Polyfluoroalkyl Substances,2017,2018,Laboratory,None
364,LBXPFHS,Perfluorohexane sulfonic acid (PFHxS) (ng/mL),PFAS_J,Perfluoroalkyl and Polyfluoroalkyl Substances,2017,2018,Laboratory,None
365,LBXPFNA,"Perfluorononanoic acid (PFNA) (ng/mL)
",PFAS_J,Perfluoroalkyl and Polyfluoroalkyl Substances,2017,2018,Laboratory,None
366,LBXPFUA,"Perfluoroundecanoic acid (PFUA) (ng/mL)
",PFAS_J,Perfluoroalkyl and Polyfluoroalkyl Substances,2017,2018,Laboratory,None
367,SEQN,Respondent sequence number.,PFAS_J,Perfluoroalkyl and Polyfluoroalkyl Substances,2017,2018,Laboratory,None
368,WTSB2YR,Subsample B weights,PFAS_J,Perfluoroalkyl and Polyfluoroalkyl Substances,2017,2018,Laboratory,None
369,LBDR06,HPV type 6,HPVS_J_R,Human Papillomavirus (HPV) DNA - Vaginal Swab: Roche Linear Array - Youth,2017,2018,Laboratory,RDC Only
370,LBDR11,HPV type 11,HPVS_J_R,Human Papillomavirus (HPV) DNA - Vaginal Swab: Roche Linear Array - Youth,2017,2018,Laboratory,RDC Only
371,LBDR16,HPV type 16,HPVS_J_R,Human Papillomavirus (HPV) DNA - Vaginal Swab: Roche Linear Array - Youth,2017,2018,Laboratory,RDC Only
372,LBDR18,HPV type 18,HPVS_J_R,Human Papillomavirus (HPV) DNA - Vaginal Swab: Roche Linear Array - Youth,2017,2018,Laboratory,RDC Only
373,LBDR26,HPV type 26,HPVS_J_R,Human Papillomavirus (HPV) DNA - Vaginal Swab: Roche Linear Array - Youth,2017,2018,Laboratory,RDC Only
374,LBDR31,HPV type 31,HPVS_J_R,Human Papillomavirus (HPV) DNA - Vaginal Swab: Roche Linear Array - Youth,2017,2018,Laboratory,RDC Only
375,LBDR33,HPV type 33,HPVS_J_R,Human Papillomavirus (HPV) DNA - Vaginal Swab: Roche Linear Array - Youth,2017,2018,Laboratory,RDC Only
376,LBDR35,HPV type 35,HPVS_J_R,Human Papillomavirus (HPV) DNA - Vaginal Swab: Roche Linear Array - Youth,2017,2018,Laboratory,RDC Only
377,LBDR39,HPV type 39,HPVS_J_R,Human Papillomavirus (HPV) DNA - Vaginal Swab: Roche Linear Array - Youth,2017,2018,Laboratory,RDC Only
378,LBDR40,HPV type 40,HPVS_J_R,Human Papillomavirus (HPV) DNA - Vaginal Swab: Roche Linear Array - Youth,2017,2018,Laboratory,RDC Only
379,LBDR42,HPV type 42,HPVS_J_R,Human Papillomavirus (HPV) DNA - Vaginal Swab: Roche Linear Array - Youth,2017,2018,Laboratory,RDC Only
380,LBDR45,"HPV type 45
",HPVS_J_R,Human Papillomavirus (HPV) DNA - Vaginal Swab: Roche Linear Array - Youth,2017,2018,Laboratory,RDC Only
381,LBDR51,HPV type 51,HPVS_J_R,Human Papillomavirus (HPV) DNA - Vaginal Swab: Roche Linear Array - Youth,2017,2018,Laboratory,RDC Only
382,LBDR52,HPV type 52,HPVS_J_R,Human Papillomavirus (HPV) DNA - Vaginal Swab: Roche Linear Array - Youth,2017,2018,Laboratory,RDC Only
383,LBDR53,HPV type 53,HPVS_J_R,Human Papillomavirus (HPV) DNA - Vaginal Swab: Roche Linear Array - Youth,2017,2018,Laboratory,RDC Only
384,LBDR54,HPV type 54,HPVS_J_R,Human Papillomavirus (HPV) DNA - Vaginal Swab: Roche Linear Array - Youth,2017,2018,Laboratory,RDC Only
385,LBDR55,HPV type 55,HPVS_J_R,Human Papillomavirus (HPV) DNA - Vaginal Swab: Roche Linear Array - Youth,2017,2018,Laboratory,RDC Only
386,LBDR56,"HPV type 56
",HPVS_J_R,Human Papillomavirus (HPV) DNA - Vaginal Swab: Roche Linear Array - Youth,2017,2018,Laboratory,RDC Only
387,LBDR58,HPV type 58,HPVS_J_R,Human Papillomavirus (HPV) DNA - Vaginal Swab: Roche Linear Array - Youth,2017,2018,Laboratory,RDC Only
388,LBDR59,HPV type 59,HPVS_J_R,Human Papillomavirus (HPV) DNA - Vaginal Swab: Roche Linear Array - Youth,2017,2018,Laboratory,RDC Only
389,LBDR61,HPV type 61,HPVS_J_R,Human Papillomavirus (HPV) DNA - Vaginal Swab: Roche Linear Array - Youth,2017,2018,Laboratory,RDC Only
390,LBDR62,HPV type 62,HPVS_J_R,Human Papillomavirus (HPV) DNA - Vaginal Swab: Roche Linear Array - Youth,2017,2018,Laboratory,RDC Only
391,LBDR64,HPV type 64,HPVS_J_R,Human Papillomavirus (HPV) DNA - Vaginal Swab: Roche Linear Array - Youth,2017,2018,Laboratory,RDC Only
392,LBDR66,HPV type 66,HPVS_J_R,Human Papillomavirus (HPV) DNA - Vaginal Swab: Roche Linear Array - Youth,2017,2018,Laboratory,RDC Only
393,LBDR67,HPV type 67,HPVS_J_R,Human Papillomavirus (HPV) DNA - Vaginal Swab: Roche Linear Array - Youth,2017,2018,Laboratory,RDC Only
394,LBDR68,HPV type 68,HPVS_J_R,Human Papillomavirus (HPV) DNA - Vaginal Swab: Roche Linear Array - Youth,2017,2018,Laboratory,RDC Only
395,LBDR69,HPV type 69,HPVS_J_R,Human Papillomavirus (HPV) DNA - Vaginal Swab: Roche Linear Array - Youth,2017,2018,Laboratory,RDC Only
396,LBDR70,HPV type 70,HPVS_J_R,Human Papillomavirus (HPV) DNA - Vaginal Swab: Roche Linear Array - Youth,2017,2018,Laboratory,RDC Only
397,LBDR71,HPV type 71,HPVS_J_R,Human Papillomavirus (HPV) DNA - Vaginal Swab: Roche Linear Array - Youth,2017,2018,Laboratory,RDC Only
398,LBDR72,HPV type 72,HPVS_J_R,Human Papillomavirus (HPV) DNA - Vaginal Swab: Roche Linear Array - Youth,2017,2018,Laboratory,RDC Only
399,LBDR73,HPV type 73,HPVS_J_R,Human Papillomavirus (HPV) DNA - Vaginal Swab: Roche Linear Array - Youth,2017,2018,Laboratory,RDC Only
400,LBDR81,HPV type 81,HPVS_J_R,Human Papillomavirus (HPV) DNA - Vaginal Swab: Roche Linear Array - Youth,2017,2018,Laboratory,RDC Only
401,LBDR82,HPV type 82,HPVS_J_R,Human Papillomavirus (HPV) DNA - Vaginal Swab: Roche Linear Array - Youth,2017,2018,Laboratory,RDC Only
402,LBDR83,HPV type 83,HPVS_J_R,Human Papillomavirus (HPV) DNA - Vaginal Swab: Roche Linear Array - Youth,2017,2018,Laboratory,RDC Only
403,LBDR84,HPV type 84,HPVS_J_R,Human Papillomavirus (HPV) DNA - Vaginal Swab: Roche Linear Array - Youth,2017,2018,Laboratory,RDC Only
404,LBDR89,HPV type 89,HPVS_J_R,Human Papillomavirus (HPV) DNA - Vaginal Swab: Roche Linear Array - Youth,2017,2018,Laboratory,RDC Only
405,LBDRHP,Roche LA high positive globin control,HPVS_J_R,Human Papillomavirus (HPV) DNA - Vaginal Swab: Roche Linear Array - Youth,2017,2018,Laboratory,RDC Only
406,LBDRLP,Roche LA low positive globin control,HPVS_J_R,Human Papillomavirus (HPV) DNA - Vaginal Swab: Roche Linear Array - Youth,2017,2018,Laboratory,RDC Only
407,LBDRPCR,Roche HPV linear array (LA) summary result,HPVS_J_R,Human Papillomavirus (HPV) DNA - Vaginal Swab: Roche Linear Array - Youth,2017,2018,Laboratory,RDC Only
408,LBDRPI,HPV type IS39,HPVS_J_R,Human Papillomavirus (HPV) DNA - Vaginal Swab: Roche Linear Array - Youth,2017,2018,Laboratory,RDC Only
409,SEQN,Respondent sequence number.,HPVS_J_R,Human Papillomavirus (HPV) DNA - Vaginal Swab: Roche Linear Array - Youth,2017,2018,Laboratory,RDC Only
410,LBDR06,HPV type 6,HPVW_J_R,Human Papillomavirus (HPV) DNA - Vaginal Swab: Roche Linear Array - Adults,2017,2018,Laboratory,RDC Only
411,LBDR11,HPV type 11,HPVW_J_R,Human Papillomavirus (HPV) DNA - Vaginal Swab: Roche Linear Array - Adults,2017,2018,Laboratory,RDC Only
412,LBDR16,HPV type 16,HPVW_J_R,Human Papillomavirus (HPV) DNA - Vaginal Swab: Roche Linear Array - Adults,2017,2018,Laboratory,RDC Only
413,LBDR18,HPV type 18,HPVW_J_R,Human Papillomavirus (HPV) DNA - Vaginal Swab: Roche Linear Array - Adults,2017,2018,Laboratory,RDC Only
414,LBDR26,HPV type 26,HPVW_J_R,Human Papillomavirus (HPV) DNA - Vaginal Swab: Roche Linear Array - Adults,2017,2018,Laboratory,RDC Only
415,LBDR31,HPV type 31,HPVW_J_R,Human Papillomavirus (HPV) DNA - Vaginal Swab: Roche Linear Array - Adults,2017,2018,Laboratory,RDC Only
416,LBDR33,HPV type 33,HPVW_J_R,Human Papillomavirus (HPV) DNA - Vaginal Swab: Roche Linear Array - Adults,2017,2018,Laboratory,RDC Only
417,LBDR35,HPV type 35,HPVW_J_R,Human Papillomavirus (HPV) DNA - Vaginal Swab: Roche Linear Array - Adults,2017,2018,Laboratory,RDC Only
418,LBDR39,HPV type 39,HPVW_J_R,Human Papillomavirus (HPV) DNA - Vaginal Swab: Roche Linear Array - Adults,2017,2018,Laboratory,RDC Only
419,LBDR40,HPV type 40,HPVW_J_R,Human Papillomavirus (HPV) DNA - Vaginal Swab: Roche Linear Array - Adults,2017,2018,Laboratory,RDC Only
420,LBDR42,HPV type 42,HPVW_J_R,Human Papillomavirus (HPV) DNA - Vaginal Swab: Roche Linear Array - Adults,2017,2018,Laboratory,RDC Only
421,LBDR45,"HPV type 45
",HPVW_J_R,Human Papillomavirus (HPV) DNA - Vaginal Swab: Roche Linear Array - Adults,2017,2018,Laboratory,RDC Only
422,LBDR51,HPV type 51,HPVW_J_R,Human Papillomavirus (HPV) DNA - Vaginal Swab: Roche Linear Array - Adults,2017,2018,Laboratory,RDC Only
423,LBDR52,HPV type 52,HPVW_J_R,Human Papillomavirus (HPV) DNA - Vaginal Swab: Roche Linear Array - Adults,2017,2018,Laboratory,RDC Only
424,LBDR53,HPV type 53,HPVW_J_R,Human Papillomavirus (HPV) DNA - Vaginal Swab: Roche Linear Array - Adults,2017,2018,Laboratory,RDC Only
425,LBDR54,HPV type 54,HPVW_J_R,Human Papillomavirus (HPV) DNA - Vaginal Swab: Roche Linear Array - Adults,2017,2018,Laboratory,RDC Only
426,LBDR55,HPV type 55,HPVW_J_R,Human Papillomavirus (HPV) DNA - Vaginal Swab: Roche Linear Array - Adults,2017,2018,Laboratory,RDC Only
427,LBDR56,"HPV type 56
",HPVW_J_R,Human Papillomavirus (HPV) DNA - Vaginal Swab: Roche Linear Array - Adults,2017,2018,Laboratory,RDC Only
428,LBDR58,HPV type 58,HPVW_J_R,Human Papillomavirus (HPV) DNA - Vaginal Swab: Roche Linear Array - Adults,2017,2018,Laboratory,RDC Only
429,LBDR59,HPV type 59,HPVW_J_R,Human Papillomavirus (HPV) DNA - Vaginal Swab: Roche Linear Array - Adults,2017,2018,Laboratory,RDC Only
430,LBDR61,HPV type 61,HPVW_J_R,Human Papillomavirus (HPV) DNA - Vaginal Swab: Roche Linear Array - Adults,2017,2018,Laboratory,RDC Only
431,LBDR62,HPV type 62,HPVW_J_R,Human Papillomavirus (HPV) DNA - Vaginal Swab: Roche Linear Array - Adults,2017,2018,Laboratory,RDC Only
432,LBDR64,HPV type 64,HPVW_J_R,Human Papillomavirus (HPV) DNA - Vaginal Swab: Roche Linear Array - Adults,2017,2018,Laboratory,RDC Only
433,LBDR66,HPV type 66,HPVW_J_R,Human Papillomavirus (HPV) DNA - Vaginal Swab: Roche Linear Array - Adults,2017,2018,Laboratory,RDC Only
434,LBDR67,HPV type 67,HPVW_J_R,Human Papillomavirus (HPV) DNA - Vaginal Swab: Roche Linear Array - Adults,2017,2018,Laboratory,RDC Only
435,LBDR68,HPV type 68,HPVW_J_R,Human Papillomavirus (HPV) DNA - Vaginal Swab: Roche Linear Array - Adults,2017,2018,Laboratory,RDC Only
436,LBDR69,HPV type 69,HPVW_J_R,Human Papillomavirus (HPV) DNA - Vaginal Swab: Roche Linear Array - Adults,2017,2018,Laboratory,RDC Only
437,LBDR70,HPV type 70,HPVW_J_R,Human Papillomavirus (HPV) DNA - Vaginal Swab: Roche Linear Array - Adults,2017,2018,Laboratory,RDC Only
438,LBDR71,HPV type 71,HPVW_J_R,Human Papillomavirus (HPV) DNA - Vaginal Swab: Roche Linear Array - Adults,2017,2018,Laboratory,RDC Only
439,LBDR72,HPV type 72,HPVW_J_R,Human Papillomavirus (HPV) DNA - Vaginal Swab: Roche Linear Array - Adults,2017,2018,Laboratory,RDC Only
440,LBDR73,HPV type 73,HPVW_J_R,Human Papillomavirus (HPV) DNA - Vaginal Swab: Roche Linear Array - Adults,2017,2018,Laboratory,RDC Only
441,LBDR81,HPV type 81,HPVW_J_R,Human Papillomavirus (HPV) DNA - Vaginal Swab: Roche Linear Array - Adults,2017,2018,Laboratory,RDC Only
442,LBDR82,HPV type 82,HPVW_J_R,Human Papillomavirus (HPV) DNA - Vaginal Swab: Roche Linear Array - Adults,2017,2018,Laboratory,RDC Only
443,LBDR83,HPV type 83,HPVW_J_R,Human Papillomavirus (HPV) DNA - Vaginal Swab: Roche Linear Array - Adults,2017,2018,Laboratory,RDC Only
444,LBDR84,HPV type 84,HPVW_J_R,Human Papillomavirus (HPV) DNA - Vaginal Swab: Roche Linear Array - Adults,2017,2018,Laboratory,RDC Only
445,LBDR89,HPV type 89,HPVW_J_R,Human Papillomavirus (HPV) DNA - Vaginal Swab: Roche Linear Array - Adults,2017,2018,Laboratory,RDC Only
446,LBDRHP,Roche LA high positive globin control,HPVW_J_R,Human Papillomavirus (HPV) DNA - Vaginal Swab: Roche Linear Array - Adults,2017,2018,Laboratory,RDC Only
447,LBDRLP,Roche LA low positive globin control,HPVW_J_R,Human Papillomavirus (HPV) DNA - Vaginal Swab: Roche Linear Array - Adults,2017,2018,Laboratory,RDC Only
448,LBDRPCR,Roche HPV linear array (LA) summary result,HPVW_J_R,Human Papillomavirus (HPV) DNA - Vaginal Swab: Roche Linear Array - Adults,2017,2018,Laboratory,RDC Only
449,LBDRPI,HPV type IS39,HPVW_J_R,Human Papillomavirus (HPV) DNA - Vaginal Swab: Roche Linear Array - Adults,2017,2018,Laboratory,RDC Only
450,SEQN,Respondent sequence number.,HPVW_J_R,Human Papillomavirus (HPV) DNA - Vaginal Swab: Roche Linear Array - Adults,2017,2018,Laboratory,RDC Only
451,LBXHP2C,Cobas HPV Swab High Risk,HPWC_J_R,Human Papillomavirus (HPV) DNA - Vaginal Swab: Roche Cobas High-Risk - Adults,2017,2018,Laboratory,RDC Only
452,SEQN,Respondent sequence number.,HPWC_J_R,Human Papillomavirus (HPV) DNA - Vaginal Swab: Roche Cobas High-Risk - Adults,2017,2018,Laboratory,RDC Only
453,LBXHP2C,Cobas HPV Swab High Risk,HPVC_J_R,Human Papillomavirus (HPV) DNA - Vaginal Swab: Roche Cobas High-Risk - Youth,2017,2018,Laboratory,RDC Only
454,SEQN,Respondent sequence number.,HPVC_J_R,Human Papillomavirus (HPV) DNA - Vaginal Swab: Roche Cobas High-Risk - Youth,2017,2018,Laboratory,RDC Only
455,SEQN,Respondent sequence number,SSPFAS_J,Perfluoroalkyl and Polyfluoroalkyl Substances (Surplus),2017,2018,Laboratory,None
456,SSCLPF,Chlorohexadecafluorooxanonane sulfonate,SSPFAS_J,Perfluoroalkyl and Polyfluoroalkyl Substances (Surplus),2017,2018,Laboratory,None
457,SSCLPFL,Chlorohexadecafluorooxanonane sulfonate comment code,SSPFAS_J,Perfluoroalkyl and Polyfluoroalkyl Substances (Surplus),2017,2018,Laboratory,None
458,SSDONA,"Dodecafluoro-3H-4,8-dioxanoate",SSPFAS_J,Perfluoroalkyl and Polyfluoroalkyl Substances (Surplus),2017,2018,Laboratory,None
459,SSDONAL,"Dodecafluoro-3H-4,8-dioxanoate comment code",SSPFAS_J,Perfluoroalkyl and Polyfluoroalkyl Substances (Surplus),2017,2018,Laboratory,None
460,SSFHPS,Perfluoro-1-heptanesulfonate,SSPFAS_J,Perfluoroalkyl and Polyfluoroalkyl Substances (Surplus),2017,2018,Laboratory,None
461,SSFHPSL,Perfluoro-1-heptanesulfonate comment code,SSPFAS_J,Perfluoroalkyl and Polyfluoroalkyl Substances (Surplus),2017,2018,Laboratory,None
462,SSGENX,GenX,SSPFAS_J,Perfluoroalkyl and Polyfluoroalkyl Substances (Surplus),2017,2018,Laboratory,None
463,SSGENXL,GenX comment code,SSPFAS_J,Perfluoroalkyl and Polyfluoroalkyl Substances (Surplus),2017,2018,Laboratory,None
464,SSPFHA,Perfluorohexanoate,SSPFAS_J,Perfluoroalkyl and Polyfluoroalkyl Substances (Surplus),2017,2018,Laboratory,None
465,SSPFHAL,Perfluorohexanoate comment code,SSPFAS_J,Perfluoroalkyl and Polyfluoroalkyl Substances (Surplus),2017,2018,Laboratory,None
466,WTSB2YR,1/3 subsample weights,SSPFAS_J,Perfluoroalkyl and Polyfluoroalkyl Substances (Surplus),2017,2018,Laboratory,None
467,LBDTFRSI,Transferrin receptor (nmol/L),TFR_J,Transferrin Receptor,2017,2018,Laboratory,None
468,LBXTFR,Transferrin receptor (mg/L),TFR_J,Transferrin Receptor,2017,2018,Laboratory,None
469,SEQN,Respondent sequence number,TFR_J,Transferrin Receptor,2017,2018,Laboratory,None
